Contract No,Order Date,Status,Expected Delivery Date,Department Name,Consignee's Name & Address,Item,Model,Brand,Quantity,Amount,Amount /unit,Consignee Name,Phone No.      (Consignee),Buyer's Name,Phone No. (Buyer),Email Id
GEMC-511687700962868,05-Apr-2024,Accepted,20-Apr-2024,"Ministry of Youth Affairs and Sports ""वभाग|Department : Department of Sports संगठन का नाम|Organisation Name : Sports Authority of India (SAI) कायाHलय Iे=|Office Zone: New Delhi","GATE NO 10 JAWAHAR LAL NEHRU STADIUM LODHI ROAD NEW DELHI - 110003, SOUTH EAST DELHI, DELHI-110003",KANENT Non-Revolving and Non-Tilting chair with Armrest,NA,KANENT,15,"138,750",9250,Gopi Chand,011-24362777,Gopi Chand,011-24362777,gopi.chand65@gov.in
GEMC-511687715271101,17-Apr-2024,Accepted,02-May-2024,Ministry of Commerce and Industry !वभाग|Department : Department of Commerce संगठन का नाम|Organisation Name : Special Economic Zones कायाPलय QेI|Office Zone: Noida Special Economic Zone Authority,"Office of the development commissioner Noida Special Economic Zone Noida, Gautam Buddha nagar, UTTAR PRADESH-201305",All In One,HP AIO 240 G10,HP,18,"2,242,260",124570,Rajendra Mohan Kashyap,0120-2567270-20,Rajendra Mohan Kashyap,------,parihar.arun@gov.in
GEMC-511687715271101,17-Apr-2024,Accepted,02-May-2024,Ministry of Commerce and Industry !वभाग|Department : Department of Commerce संगठन का नाम|Organisation Name : Special Economic Zones कायाPलय QेI|Office Zone: Noida Special Economic Zone Authority,"Office of the development commissioner Noida Special Economic Zone Noida, Gautam Buddha nagar, UTTAR PRADESH-201305",DE,HP 400 G9,HP,1,"118,000",118000,Rajendra Mohan Kashyap,0120-2567270-20,Rajendra Mohan Kashyap,------,parihar.arun@gov.in
GEMC-511687715271101,17-Apr-2024,Accepted,02-May-2024,Ministry of Commerce and Industry !वभाग|Department : Department of Commerce संगठन का नाम|Organisation Name : Special Economic Zones कायाPलय QेI|Office Zone: Noida Special Economic Zone Authority,"Office of the development commissioner Noida Special Economic Zone Noida, Gautam Buddha nagar, UTTAR PRADESH-201305",AIO,HP AIO 440 G9,HP,1,"146,750",146750,Rajendra Mohan Kashyap,0120-2567270-20,Rajendra Mohan Kashyap,------,parihar.arun@gov.in
GEMC-511687790646034,19-Apr-2024,Accepted,03-Jun-2024,Ministry of Youth Affairs and Sports !वभाग|Department : Department of Sports संगठन का नाम|Organisation Name : Sports Authority of India (SAI) कायाHलय Iे=|Office Zone: New Delhi,"GATE NO 10 JAWAHAR LAL NEHRU STADIUM LODHI ROAD NEW DELHI - 110003, SOUTH EAST DELHI, DELHI-110003",Nine Leaves Executive Table with One side pedestal unit and E.R.U,Executive Table -NN,Nine Leaves,3,"89,967",29989,Gopi Chand,011-24362777,Gopi Chand,------,gopi.chand65@gov.in
GEMC-511687759173483,19-Apr-2024,Accepted,03-Jun-2024,Ministry of Youth Affairs and Sports,"GATE NO 10 JAWAHAR LAL NEHRU STADIUM LODHI ROAD NEW DELHI - 110003, SOUTH EAST DELHI, DELHI-110003",NEEMAN Executive Table with One side pedestal unit,DELUXE 2,NEEMAN,2,"99,974","49,987",Gopi Chand,011-24362777,Gopi Chand,------,gopi.chand65@gov.in
GEMC-511687775734989,19-Apr-2024,Accepted,03-Jun-2024,Ministry of Youth Affairs and Sports,"GATE NO 10 JAWAHAR LAL NEHRU STADIUM LODHI ROAD NEW DELHI - 110003, SOUTH EAST DELHI, DELHI-110003",NEEMAN Revolving Chair with Swivel tilt mechanism,NE 217,NEEMAN,25,"377,775","15,111",Gopi Chand,011-24362777,Gopi Chand,------,gopi.chand65@gov.in
GEMC-511687700150947,19-Apr-2024,Accepted,03-Jun-2024,Ministry of Youth Affairs and Sports,"GATE NO 10 JAWAHAR LAL NEHRU STADIUM LODHI ROAD NEW DELHI - 110003, SOUTH EAST DELHI, DELHI-110003",Eezy Revolving Chair with Tilt working with torsion bar mechanism,Eezy-258,Eezy,3,"75,633","25,211",Gopi Chand,011-24362777,Gopi Chand,------,gopi.chand65@gov.in
GEMC-511687749821324,19-Apr-2024,Accepted,03-Jun-2024,Ministry of Youth Affairs and Sports,"GATE NO 10 JAWAHAR LAL NEHRU STADIUM LODHI ROAD NEW DELHI - 110003, SOUTH EAST DELHI, DELHI-110003",Eezy Revolving Chair with Only Revolving without tilting mechanism,Eezy-204N,Eezy,2,"52,644","26,322",Gopi Chand,011-24362777,Gopi Chand,------,gopi.chand65@gov.in
GEMC-511687700897802,19-Apr-2024,Accepted,03-Jun-2024,Ministry of Youth Affairs and Sports,"GATE NO 10 JAWAHAR LAL NEHRU STADIUM LODHI ROAD NEW DELHI - 110003, SOUTH EAST DELHI, DELHI-110003","hp Multifunction Machines Mfm, On Site OEM Warranty 5 Year",LJ Mngd MFP E78635dn+add2 tray +WIFI+5y Warranty,HP,1,"494,242","494,242",Gopi Chand,011-24362777,Gopi Chand,------,gopi.chand65@gov.in
GEMC-511687702593545,25-Apr-2024,Accepted,10-May-2024,Medical Education Department Uttar Pradesh संगठन का नाम|Organisation Name :N/A कायाGलय Hे?|Office Zone: Government Institute Of Medical Sciences Greater Noida,"GOVERNMENT INSTITUTE OF MEDICAL SCIENCES, KASNA, GREATER NOIDA, GAUTAM BUDDH NAGAR, GAUTAM BUDDHA NAGAR, UTTAR PRADESH-201310","Voltas Split Air Conditioner, Wall Mount Type 2 Ton 3 Star","VOLTAS FIXEED SPEED SPLIT AC, 243",Voltas,1,"57,002","57,002",N Mohanasundaram,0120-2341736,N Mohanasundaram,------,buyer3.gims.noida@gembuyer.in
,,Accepted,,,,,,,,,,,,,------,
,,Accepted,,,,,,,,,,,,,------,
,,Accepted,,,,,,,,,,,,,------,