Contract No,Order Date,Status,Expected Delivery Date,Department Name,Consignee's Name & Address,Item,Model,Brand,Quantity,Amount,Amount /unit,Consignee Name,Phone No.      (Consignee),Buyer's Name,Phone No. (Buyer),Email Id,Dispatch Date,Tracking Number,Delivery Mode,Invoice No,Invoice Date,Delivery Date,Invoice Overdue,Despatch Overdue,Delivery Overdue,Late Delivery Count
GEMC-511687742010868,12-Apr-2023,Delivered,27-Apr-2023,Ministry|मं=ालय : Cabinet Secretariat Department|%वभाग : NA Organisation Name|संगठन का नाम : National Authority for Chemical Weapons Convention (NACWC) Office Zone|कायाKलय Lे=: West Zone,"1st Floor, Chanakya Bhawan, Chanakya Puri,NEW DELHI, DELHI-110021,","Voltas 2 Ton, 5 Start AC","VOLTAS SPLIT INVERTER AC 2TON 5STAR, 245V",Voltas,1,50900,50900,Shiv ram meena,011-24675525,Shiv ram meena,9868021075,deputysecretary.nacwc@nic.in,,,,,,,,,,
GEMC-511687705389865,12-Apr-2023,Delivered,27-Apr-2023,Ministry|मं=ालय : Cabinet Secretariat Department|%वभाग : NA Organisation Name|संगठन का नाम : National Authority for Chemical Weapons Convention (NACWC) Office Zone|कायाKलय Lे=: West Zone,"1st Floor, Chanakya Bhawan, Chanakya Puri,NEW DELHI, DELHI-110021,","LLOYD 2 Ton, 3 Start AC",GLS24H3 Series or Equivalent Model,LLOYD,2,"100,766",50383,Shiv ram meena,011-24675525,Shiv ram meena,9868021075,deputysecretary.nacwc@nic.in,,,,,,,,,,
GEMC-511687706451924,17-Apr-2023,Delivered,02-May-2023,"Ministry of Ports, Shipping and Waterways Department|&वभाग : NA Organisation Name|संगठन का नाम : Inland Waterways Authority of India (IWAI) Office Zone|कायाXलय YेJ: Ho","A-13 Sector-1 Noida, GAUTAM BUDDHA NAGAR, UTTAR PRADESH-201301",Title1,ProBook G8,Hp,2,"239,200",119600,Satish kumar pandita,9650996263,Satish kumar pandita,9650996263,skpandita@iwai.gov.in,,,,,,,,,,
GEMC-511687706451924,17-Apr-2023,Delivered,02-May-2023,"Ministry of Ports, Shipping and Waterways Department|&वभाग : NA Organisation Name|संगठन का नाम : Inland Waterways Authority of India (IWAI) Office Zone|कायाXलय YेJ: Ho","A-13 Sector-1 Noida, GAUTAM BUDDHA NAGAR, UTTAR PRADESH-201301",Title2,Laptop Envy,Hp,1,"132,600",132600,Satish kumar pandita,9650996263,Satish kumar pandita,9650996263,skpandita@iwai.gov.in,,,,,,,,,,
GEMC-511687795618923,20-Apr-2023,Delivered,05-May-2023,Ministry of Finance Department|%वभाग : Department of Revenue Organisation Name|संगठन का नाम : Central Board of Excise and Customs (CBEC) Office Zone|कायाKलय Lे=: Delhi,"NACIN Complex, Sector 29, FARIDABAD, HARYANA-121008, In",DECATHLON Polyvinyl Chloride (PVC) Skipping Rope 3 Meter,8212649,Decathlon,2,"1,208",604,Jaivir,9671899121,Jaivir,9671899121,inspeqpt.nacen@gov.in,,,,,,,,,,
GEMC-511687765110485,25-Apr-2023,Delivered,10-May-2023,Ministry of Defence Department|$वभाग : Department of Military Affairs Organisation Name|संगठन का नाम : Indian Air Force Office Zone|कायाFलय Gे=: AIR FORCE STATION PALAM,"AIR OFFICER COMMANDING AIR FORCE STATION PALAM DELHICANTT NEW DELHI-110010, NEW DELHI, DELHI-110010",sthil Carbide tipped blade Chain Saw,STHIL MS382,STHIL,1,"46,728",46728,Jitin hari naik,8447899661,Jitin hari naik,8750987210,sasio.palam@gov.in,,,,,,,,,,
GEMC-511687737940503,25-Apr-2023,Delivered,10-May-2023,Ministry of Defence Department|$वभाग : Department of Military Affairs Organisation Name|संगठन का नाम : Indian Air Force Office Zone|कायाFलय Gे=: AIR FORCE STATION PALAM,"AIR OFFICER COMMANDING AIR FORCE STATION PALAM DELHICANTT NEW DELHI-110010, NEW DELHI, DELHI-110010","STIHL MT HANDHELD BRUSH CUTTER / LINE TRIMMER, Warranty 1year",STIHL FS380,STHIL,3,186912,62304,Jitin hari naik,8447899661,Jitin hari naik,8750987210,sasio.palam@gov.in,,,,,,,,,,
GEMC-511687754461347,26-Apr-2023,Delivered,11-May-2023,Ministry of Youth Affairs and Sports Department|$वभाग : Department of Sports Organisation Name|संगठन का नाम : Sports Authority of India (SAI) Office Zone|कायाJलय Kे=: New Delhi,"GATE NO 10 JAWAHAR LAL NEHRU STADIUM LODHI ROAD NEW DELHI - 110003, SOUTH EAST DELHI, DELHI-110003","hp CIS Integrated Sheet Fed & Flat Bed scanner, On Site OEM Warranty 5 year",HP ScanJet Enterprise Flow N6600 fnw1,HP,1,90000,90000,Chander prakash pandey,011-24362763-,Chander prakash pandey,9891340567,pandey.cp@gov.in,,,,,,,,,,
GEMC-511687727149914,26-Apr-2023,Delivered,10-June-2023,Ministry of Youth Affairs and Sports Department|$वभाग : Department of Sports Organisation Name|संगठन का नाम : Sports Authority of India (SAI) Office Zone|कायाJलय Kे=: New Delhi,"GATE NO 10 JAWAHAR LAL NEHRU STADIUM LODHI ROAD NEW DELHI - 110003, SOUTH EAST DELHI, DELHI-110003",hp Intel Core i5 12500 8 GB/ 1000 GB HDD/ Windows 10 Professional,"HP 400 G9 MT i5 12500 Win10P 812565 wifi 21.5""",HP,6,480000,80000,Chander prakash pandey,011-24362763-,Chander prakash pandey,9891340567,pandey.cp@gov.in,,,,,,,,,,
GEMC-511687750977598,26-Apr-2023,Delivered,10-June-2023,Ministry of Youth Affairs and Sports Department|$वभाग : Department of Sports Organisation Name|संगठन का नाम : Sports Authority of India (SAI) Office Zone|कायाJलय Kे=: New Delhi,"GATE NO 10 JAWAHAR LAL NEHRU STADIUM LODHI ROAD NEW DELHI - 110003, SOUTH EAST DELHI, DELHI-110003","hp Multifunction Machines Mfm, On Site OEM Warranty 3 Year",HP LaserJet Pro MFP M329dw Printe,HP,5,185000,37000,Chander prakash pandey,011-24362763-,Chander prakash pandey,9891340567,pandey.cp@gov.in,,,,,,,,,,
GEMC-511687738214655,28-Apr-2023,Delivered,12-Jun-2023,Ministry of Defence Department|%वभाग : Department of Military Affairs Organisation Name|संगठन का नाम : Indian Army Office Zone|कायाEलय Fे=: HQ 71 INF DIV,Gs (information systems) branch headquarter 71 infantry division missamari military station,"hp Multifunction Machines Mfm, On Site OEM Warranty 3 Yea",HP LaserJet MFP M438nda with 3 year warranty,HP,3,177000,59000,Praveen jagota,03714-291129,Praveen jagota,8601358800,sunrise.2006@nic.in,,,,,,,,,,
GEMC-511687799107372,29-Apr-2023,Delivered,9-May-2023,Ministry of Youth Affairs and Sports Department|&वभाग : Department of Sports Organisation Name|संगठन का नाम : Sports Authority of India (SAI) Office Zone|कायाTलय UेI: Regional Cntre,"Sports authority of India , dr. babasaheb ambedkar University campus, AURANGABAD, MAHARASHTRA-431004",All in One PCs,440G9,HP,7,"630,000",90000,Nitin kumar jaiswal,0240-2982002,Nitin kumar jaiswal,8285336633,wtc.arg-sai@gov.in,,,,,,,,,,
GEMC-511687799107372,29-Apr-2023,Delivered,9-May-2023,Ministry of Youth Affairs and Sports Department|&वभाग : Department of Sports Organisation Name|संगठन का नाम : Sports Authority of India (SAI) Office Zone|कायाTलय UेI: Regional Cntre,"Sports authority of India , dr. babasaheb ambedkar University campus, AURANGABAD, MAHARASHTRA-431004",Printer Type 1,2606SDW,HP,6,"174,000",29000,Nitin kumar jaiswal,0240-2982002,Nitin kumar jaiswal,8285336633,wtc.arg-sai@gov.in,,,,,,,,,,
GEMC-511687799107372,29-Apr-2023,Delivered,9-May-2023,Ministry of Youth Affairs and Sports Department|&वभाग : Department of Sports Organisation Name|संगठन का नाम : Sports Authority of India (SAI) Office Zone|कायाTलय UेI: Regional Cntre,"Sports authority of India , dr. babasaheb ambedkar University campus, AURANGABAD, MAHARASHTRA-431004",Printer Type 2,316A,HP,1,"11,000",11000,Nitin kumar jaiswal,0240-2982002,Nitin kumar jaiswal,8285336633,wtc.arg-sai@gov.in,,,,,,,,,,
GEMC-511687799107372,29-Apr-2023,Delivered,9-May-2023,Ministry of Youth Affairs and Sports Department|&वभाग : Department of Sports Organisation Name|संगठन का नाम : Sports Authority of India (SAI) Office Zone|कायाTलय UेI: Regional Cntre,"Sports authority of India , dr. babasaheb ambedkar University campus, AURANGABAD, MAHARASHTRA-431004",Hard Disk Type 1,SSD,Crucial,1,"5,900",5900,Nitin kumar jaiswal,0240-2982002,Nitin kumar jaiswal,8285336633,wtc.arg-sai@gov.in,,,,,,,,,,
GEMC-511687799107372,29-Apr-2023,Delivered,9-May-2023,Ministry of Youth Affairs and Sports Department|&वभाग : Department of Sports Organisation Name|संगठन का नाम : Sports Authority of India (SAI) Office Zone|कायाTलय UेI: Regional Cntre,"Sports authority of India , dr. babasaheb ambedkar University campus, AURANGABAD, MAHARASHTRA-431004",Hard Disk Type 2,HDD,WD,1,"4,500",4500,Nitin kumar jaiswal,0240-2982002,Nitin kumar jaiswal,8285336633,wtc.arg-sai@gov.in,,,,,,,,,,
GEMC-511687799107372,29-Apr-2023,Delivered,9-May-2023,Ministry of Youth Affairs and Sports Department|&वभाग : Department of Sports Organisation Name|संगठन का नाम : Sports Authority of India (SAI) Office Zone|कायाTलय UेI: Regional Cntre,"Sports authority of India , dr. babasaheb ambedkar University campus, AURANGABAD, MAHARASHTRA-431004",Camera,Z30,Nikon,1,"72,500",72500,Nitin kumar jaiswal,0240-2982002,Nitin kumar jaiswal,8285336633,wtc.arg-sai@gov.in,,,,,,,,,,
GEMC-511687799107372,29-Apr-2023,Delivered,9-May-2023,Ministry of Youth Affairs and Sports Department|&वभाग : Department of Sports Organisation Name|संगठन का नाम : Sports Authority of India (SAI) Office Zone|कायाTलय UेI: Regional Cntre,"Sports authority of India , dr. babasaheb ambedkar University campus, AURANGABAD, MAHARASHTRA-431004",Camera Batteries,Z30 Battery,Nikon,1,"8,500",8500,Nitin kumar jaiswal,0240-2982002,Nitin kumar jaiswal,8285336633,wtc.arg-sai@gov.in,,,,,,,,,,
GEMC-511687799107372,29-Apr-2023,Delivered,9-May-2023,Ministry of Youth Affairs and Sports Department|&वभाग : Department of Sports Organisation Name|संगठन का नाम : Sports Authority of India (SAI) Office Zone|कायाTलय UेI: Regional Cntre,"Sports authority of India , dr. babasaheb ambedkar University campus, AURANGABAD, MAHARASHTRA-431004",Camera Memory Card,NA,Sandisk,4,"20,800",5200,Nitin kumar jaiswal,0240-2982002,Nitin kumar jaiswal,8285336633,wtc.arg-sai@gov.in,,,,,,,,,,