Contract No,Order Date,Status,Expected Delivery Date,Department Name,Consignee's Name & Address,Make (Brand),Item,Model,Quantity,Amount,Amount /unit,Consignee Name,Phone No.(Consignee),Buyer's Name,Phone No. (Buyer),Email Id
GEMC-511687773730195,05-Mar-2026,Accepted,20-Mar-2026,Ministry of Defence 􀀢वभाग|Department : Department of Defence Research & Development संगठन का नाम|Organisation Name : Office of DG (ACE) काया􀁔लय 􀁕े􀁍|Office Zone: CFEES DRDO BRIG SK MAZUMDAR MARG TIMARPUR DELHI54,"Brig SK Mazumdar Marg Timarpur, NORTH DELHI, DELHI-110054, India",Apple,Mobile Device,iPhone 17,1,"102,000","102,000",,011-23907115-,Stores Officer,011-23907296-296,buyer7.odrds.dl@gembuyer.in
GEMC-511687747112329,07-Mar-2026,Accepted,22-Mar-2026,Ministry of Education 􀀣वभाग|Department : Department of Higher Education संगठन का नाम|Organisation Name : University Grants Commission काया􀁕लय 􀁖े􀁎|Office Zone: Consortium for Educational Communication,"Consortium for Educational Communication, IUAC Campus, Aruna Asaf Ali Marg, South West delhi, DELHI-110067, India",Microsoft,Microsoft Microsoft Office LTSC Standard Office Suite Software,Office LTSC Standard 2024 (CSP Perpetual Academic),100,"639,360","6,393.6",,011-24126418-353,Engineer,,buyer43.cec.delhi@gembuyer.in
GEMC-511687725490201,12-Mar-2026,Accepted,27-Mar-2026,Ministry of Defence 􀀣वभाग|Department : Department of Military Affairs संगठन का नाम|Organisation Name : Indian Army काया􀁎लय 􀁏े􀁈|Office Zone: THE SIKH LI REGT CENTRE,"The SIKH LI Regt Centre Fatehgarh Cantt, Farrukhabad, UTTAR PRADESH-209601, India",Nikon,Nikon Dslr / Compact / Handheld Camcorder Or Video Cameras Still DSLR APS Format Type,NIKON Z 30 + NIKKOR Z DX 18-140mm f/3.5-6.3 VR,2,"141,060","70,530",Vasu Banathia,,Vasu Banathia,,vashia.668k@gov.in
GEMC-511687777220481,14-Mar-2026,Accepted,29-Mar-2026,Ministry of Defence 􀀢वभाग|Department : Department of Military Affairsसंगठन का नाम|Organisation Name : Indian Armyकाया􀁐लय 􀁑े􀁍|Office Zone: THE SIKH LI REGT CENTRE,"The SIKH LI Regt Centre Fatehgarh Cantt, Farrukhabad, UTTAR PRADESH-209601, India",HP,hp Mid Level Desktop Computer with Warranty 4 Year,"HP 280 G9 SFF i5 12400 Win11P 165124 19.5""",6,"376,423.2","62,737.2",Vasu Banathia,,Vasu Banathia,,vashia.668k@gov.in
GEMC-511687777220481,14-Mar-2026,Accepted,29-Mar-2026,Ministry of Defence 􀀢वभाग|Department : Department of Military Affairsसंगठन का नाम|Organisation Name : Indian Armyकाया􀁐लय 􀁑े􀁍|Office Zone: THE SIKH LI REGT CENTRE,"The SIKH LI Regt Centre Fatehgarh Cantt, Farrukhabad, UTTAR PRADESH-209601, India",HP,hp High End Desktop Computer with Warranty 3 Year,"HP 600 G9 MT i7 13700 Win11P 321SSD3 DVD 21.5""",3,"283,330.2","94,443.4",Vasu Banathia,,Vasu Banathia,,vashia.668k@gov.in
GEMC-511687777220481,14-Mar-2026,Accepted,29-Mar-2026,Ministry of Defence 􀀢वभाग|Department : Department of Military Affairsसंगठन का नाम|Organisation Name : Indian Armyकाया􀁐लय 􀁑े􀁍|Office Zone: THE SIKH LI REGT CENTRE,"The SIKH LI Regt Centre Fatehgarh Cantt, Farrukhabad, UTTAR PRADESH-209601, India",HP,hp Intel Core i7-13700 All in One PC,"HP 440 G9 AIO i7 13700 Win11P 161SSD1 wifi 23.8""",1,"91,394.5","91,394.5",Vasu Banathia,,Vasu Banathia,,vashia.668k@gov.in
GEMC-511687795760105,15-Mar-2026,Accepted,30-Mar-2026,Ministry of Labour and Employment 􀀡वभाग|Department : NA संगठन का नाम|Organisation Name : Employees Provident Fund Organisation (EPFO) काया􀁍लय 􀁎े􀁅|Office Zone: Regional Office Greater Noida,"Bhavishya Nidhi Bhawan, RO Greater Noida, A-2C, Sector-24, Tulsi Marg, Noida, Gautam Buddha nagar, UTTAR PRADESH-201307, India",SMAT,SMAT A4 (210 × 297 mm) size 97 pages to 120 pages Book Planner - Yearly Planner,NA,73,"12,410",170,ssa,0120-2970160-,ssa,0120-2970160-,vinayb2@epfindia.gov.in
GEMC-511687735035719,15-Mar-2026,Accepted,30-Mar-2026,Ministry of Defence 􀀢वभाग|Department : Department of Military Affairs संगठन का नाम|Organisation Name : Indian Army काया􀁌लय 􀁍े􀁆|Office Zone: Delhi,"dwarka road, SOUTH WEST DELHI, DELHI-110010, India",NA,"Unbranded Web Offset Ink, Size 1 kilogram in Plastic Can",INK,8,"25,000",3125,GSO 1,011-25671785-,GSO 1,011-25671785-,sunilkumar.388f@gov.in
GEMC-511687728382869,16-Mar-2026,Accepted,31-Mar-2026,Ministry of Environment Forest and Climate Change 􀀢वभाग|Department : NA संगठन का नाम|Organisation Name : Botanical Survey of India (BSI) काया􀁏लय 􀁐े􀁆|Office Zone: Headquarter,"Botanical Survey of India,,Lt. Vijayant Thapar Marg(Along DSC Road), Sector-38A, Noida, Gautam Buddha nagar, UTTAR PRADESH-201303, India",HP,hp Entry Level Desktop Computer with Warranty 3 Year,"HP 280 G9 SFF i3 12100 Win11P 165123 wifi 21.5""",1,"49,497","49,497",HOO BGIR,0120-2430035-,HOO BGIR,0120-2430035-,chauhan.sandeep@gov.in
GEMC-511687729841119,16-Mar-2026,Accepted,31-Mar-2026,Ministry of Defence 􀀢वभाग|Department : Department of Military Affairs संगठन का नाम|Organisation Name : Indian Army काया􀁎लय 􀁏े􀁈|Office Zone: 41 GR,"Gorkha Dwar, 4/1 Gorkha Rifles, near 255 Transit Camp, care of 56 Army Postal Office, Delhi Cantt-110010, South West delhi, DELHI-110010, India",Dell,Dell High End Desktop Computer with Warranty 3 Year,Dell Pro Tower QCT1250,4,"300,000","75,000",BUYER-CONSIGNEE,00000-000000-,Adjutant,00000-000000-,oasmar.508k@gov.in
GEMC-511687748605424,16-Mar-2026,Accepted,31-Mar-2026,"Basic Education Department Uttar Pradesh संगठन का नाम|Organisation Name : N/A काया􀁐लय 􀁑े􀁈|Office Zone: Director Basic Education, Lucknow","BSA OFFICE GB NAGAR BEHIND D.M. OFFICE, GAUTAM BUDDHA NAGAR, UTTAR PRADESH-212207, India",HP,"hp A4, A3 and Legal Size Monochrome (Black) Laser Multifunction Machine",HP LJ Managed MFP E82660dn with 1 year Warranty,1,"180,001","180,001",BUYER-CONSIGNEE,,BSA,,bsa.gb-up@gov.in
GEMC-511687732765384,16-Mar-2026,Accepted,31-Mar-2026,"Basic Education Department Uttar Pradesh संगठन का नाम|Organisation Name : N/A काया􀁐लय 􀁑े􀁈|Office Zone: Director Basic Education, Lucknow","BSA OFFICE GB NAGAR BEHIND D.M. OFFICE, GAUTAM BUDDHA NAGAR, UTTAR PRADESH-212207, India",NA,Unbranded Handcrafted Free-standing Almirah,Almirah,1,"34,000","34,000",BUYER-CONSIGNEE,,BSA,,bsa.gb-up@gov.in
GEMC-511687750334472,17-Mar-2026,Accepted,01-Apr-2026,Ministry of Home Affairs 􀀣वभाग|Department : Central Armed Police Forces संगठन का नाम|Organisation Name : Indo Tibetan Border Police (ITBP) काया􀁑लय 􀁒े􀁈|Office Zone: North West FTR,"ITBP NW FTR CHOGLAMSAR LEH LADAKH, Leh, JAMMU & KASHMIR-194104, India",Dell,Dell Windows 11 Professional Based Fixed Computer Workstation,Dell Precision 3680 Tower,2,"298,900","149,450",Ravinder Kumar,1982-265011-,Ravinder Kumar,1982-265011-,i.907011211@itbp.gov.in
GEMC-511687730000833,17-Mar-2026,Accepted,01-Apr-2026,Ministry of Home Affairs 􀀡वभाग|Department : Central Police Organisation संगठन का नाम|Organisation Name : National Investigation Agency (NIA) काया􀁎लय 􀁏े􀁇|Office Zone: National Investigation Agency,"NATIONAL INVESTIGATION AGENCY, OPPOSITE CGO COMPLEX, LODHI ROAD, NEW DELHI, NEW DELHI, DELHI-110003, India",Dell,Dell Intel Core Ultra 5 235T All in One PC,Dell Pro 24 All-in-One QC24251,1,"104,982.11","104,982.11",inspector of police,011-24368800-148,inspector of police,011-24368800-148,dushyantsingh.nia@gov.in
GEMC-511687786866851,17-Mar-2026,Accepted,01-Apr-2026,"Ministry of Home Affairs 􀀟वभाग|Department : Department of States संगठन का नाम|Organisation Name : National Crime Records Bureau (NCRB) काया􀁔लय 􀁕े􀁍|Office Zone: Ncrb, Nh-8, Mahipalpur","National Crime Records Bureau, NH-8, Mahipalpur, New Delhi,South West delhi, DELHI-110037, India",Dell,Dell 1024 GB Storage Laptop - Notebook,Dell Pro 14 (PC14250),8,"1,192,000","149,000",,011-26735652-652,JTO,,sushil@ncrb.gov.in
GEMC-511687717072300,17-Mar-2026,Accepted,01-May-2026,Ministry of Home Affairs 􀀢वभाग|Department : Central Police Organisationसंगठन का नाम|Organisation Name : National Investigation Agency (NIA) काया􀁓लय 􀁔े􀁍|Office Zone: National Investigation Agency,"NATIONAL INVESTIGATION AGENCY, OPPOSITE CGO COMPLEX, LODHI ROAD, NEW DELHI, NEW DELHI, DELHI-110003, India",Redhat,Procurement of Hardware & Software for eOffice Project of NIA with 05 years OEM Warranty Support,Dell and others,1,"26,737,812","26,737,812",,011-24368800-148,,inspector of police,011-24368800-148
GEMC-511687717072300,17-Mar-2026,Accepted,01-May-2026,Ministry of Home Affairs 􀀢वभाग|Department : Central Police Organisationसंगठन का नाम|Organisation Name : National Investigation Agency (NIA) काया􀁓लय 􀁔े􀁍|Office Zone: National Investigation Agency,"NATIONAL INVESTIGATION AGENCY, OPPOSITE CGO COMPLEX, LODHI ROAD, NEW DELHI, NEW DELHI, DELHI-110003, India",NA,ICT charges for Procurement of Hardware & Software for eOffice Project of NIA with 05 years OEM Warranty Support,ICT,1,"8,021,343.6","8,021,343.6",,011-24368800-148,,inspector of police,011-24368800-148
GEMC-511687713426359,18-Mar-2026,Accepted,02-Apr-2026,Medical Education Department Uttar Pradesh संगठन का नाम|Organisation Name :N/A काया􀁓लय 􀁔े􀁏|Office Zone: Government Institute Of Medical Sciences Greater Noida,"GOVERNMENT INSTITUTE OF MEDICAL SCIENCES, KASNA, GREATER NOIDA, GAUTAM BUDDH NAGAR, GAUTAM BUDDHA NAGAR, UTTAR PRADESH-201310, India",HP,hp 1024 GB Storage Laptop - Notebook,HP 440 G11 U5-125U Win11P 161SSD3 wifi 14,10,"1,138,700","113,870",,0120-2341736-,Buyer,0120-2341736-,purchase@gims.ac.in
GEMC-511687725460919,19-Mar-2026,Accepted,03-Apr-2026,Ministry of Defence 􀀣वभाग|Department : Department of Military Affairs संगठन का नाम|Organisation Name : Indian Army काया􀁌लय 􀁍े􀁆|Office Zone: THE SIKH LI REGT CENTRE,"The SIKH LI Regt Centre Fatehgarh Cantt, Farrukhabad, UTTAR PRADESH-209601, India",logitech,Logitech PTZ Function Video Conferencing Camera Yes (e-PTZ) only Resolution (Maximum) each camera 4K HD (3840 X 2160 Pixel),Logitech Meetup,1,"1,138,700","50,000",Vasu Banathia,,Vasu Banathia,,vashia.668k@gov.in
GEMC-511687714734229,19-Mar-2026,Accepted,03-Apr-2026,Ministry of Finance 􀀣वभाग|Department : Department of Revenue संगठन का नाम|Organisation Name : Central Board of Direct Taxes (CBDT) काया􀁑लय 􀁒े􀁉|Office Zone: Income Tax Office Sonepat Haryana,"Income Tax Office, Minerva Complex, Atlas Road, Sonepat, Sonipat, HARYANA-131001, India",VOLTRIQ,VOLTRIQ Intel Core i7-14700 All in One PC,AI700,1,"95,690","95,690",Amit,0130-2200010-,Amit,0130-2200010-,buycon905.cbdtc.hr@gembuyer.in
GEMC-511687765311803,19-Mar-2026,Accepted,03-Apr-2026,Ministry of Finance 􀀣वभाग|Department : Department of Revenue संगठन का नाम|Organisation Name : Central Board of Direct Taxes (CBDT) काया􀁑लय 􀁒े􀁉|Office Zone: Income Tax Office Sonepat Haryana,"Income Tax Office, Minerva Complex, Atlas Road, Sonepat, Sonipat, HARYANA-131001, India",HP,hp A4 Monochrome (Black) Laser Computer Printer,,1,"35,309","35,309",Amit,0130-2200010-,Amit,0130-2200010-,buycon905.cbdtc.hr@gembuyer.in
GEMC-511687789926681,19-Mar-2026,Accepted,03-Apr-2026,Ministry of Youth Affairs and Sports 􀀡वभाग|Department : Department of Sports संगठन का नाम|Organisation Name : Sports Authority of India (SAI) काया􀁌लय 􀁍े􀁅|Office Zone: New Delhi,"DR. KSSR SHOOTING RANGE, Suraj Kund Rd, Tughlakabad, New Delhi, Delhi 110044, South Delhi, DELHI-110044, India",HP,hp A4 and Legal Size Monochrome (Black) Laser Multifunction Machine,,1,"42,990.40","42,990.40",Joint Administrator,011-26047802-,Joint Administrator,011-26047802-,tamas.sethi.sai@gov.in
GEMC-511687789882610,19-Mar-2026,Accepted,03-Apr-2026,Ministry of Youth Affairs and Sports 􀀡वभाग|Department : Department of Sports संगठन का नाम|Organisation Name : Sports Authority of India (SAI) काया􀁌लय 􀁍े􀁅|Office Zone: New Delhi,"DR. KSSR SHOOTING RANGE, Suraj Kund Rd, Tughlakabad, New Delhi, Delhi 110044, South Delhi, DELHI-110044, India",HP,hp A4 and Legal Size Colour Laser Multifunction Machine,HP Color LJPro MFP 3303sdw with 1yr Warranty,1,"50,000","50,000",Joint Administrator,011-26047802-,Joint Administrator,011-26047802-,tamas.sethi.sai@gov.in
GEMC-511687713791917,20-Mar-2026,Accepted,04-Apr-2026,Ministry of Labour and Employment 􀀡वभाग|Department : NA संगठन का नाम|Organisation Name : Employees Provident Fund Organisation (EPFO) काया􀁎लय 􀁏े􀁆|Office Zone: Regional Office Greater Noida,"Bhavishya Nidhi Bhawan, RO Greater Noida, A-2C, Sector-24, Tulsi Marg, Noida, Gautam Buddha nagar, UTTAR PRADESH-201307, India",rorito,rorito 0.7 mm Both(Plastic and Metal) Blue Gel Pen,Rorito Maxtron Gold Pen,73,"7,300",100,SSA,0120-2970160-,SSA,0120-2970160-,vinayb2@epfindia.gov.in
GEMC-511687769441300,20-Mar-2026,Accepted,04-Apr-2026,Ministry of Defence 􀀣वभाग|Department : Department of Military Affairs संगठन का नाम|Organisation Name : Indian Army काया􀁏लय 􀁐े􀁉|Office Zone: Bathinda Military Station,"Bathinda Military Station, Bathinda, PUNJAB-151004, India",EPSON,EPSON Ultra Short Throw (below 0.4) Multimedia Projector (MMP) With 1280 x 800 (WXGA) Resolution,EPSON EB-760W,1,"130,272.40","130,272.40",Account Officer,01640-024410-,Account Officer,01640-024410-,royal4bhairav@gmail.com
GEMC-511687786285397,26-Mar-2026,Accepted,07-May-2026,"PMO 􀀢वभाग|Department : NA संगठन कानाम|Organisation Name : N/A काया􀁏लय 􀁐े􀁍|Office Zone: North Eastern Space Applicatins Centre, Governement Of India, Department Of Space, Umiam 793103","North Eastern Space Applications Centre, Umiam, RI-BHOI, MEGHALAYA-793103, India",HCL,upply and installation of web application security testing solution (HCL AppScan),HCL Appscan,1,"4,399,600","4,399,600",Purchase Officer,0364-2570036-,Purchase Officer,0364-2570036-,phibakordor.nesac@nesac.gov.in
GEMC-511687775643544,26-Mar-2026,Accepted,10-Apr-2026,Ministry of Finance 􀀡वभाग|Department : Department of Revenue संगठन का नाम|Organisation Name : Central Board of Direct Taxes (CBDT) काया􀁎लय 􀁏े􀁆|Office Zone: Income Tax Office Sonepat Haryana,"Income Tax Office, Minerva Complex, Atlas Road, Sonepat, Sonipat, HARYANA-131001, India",Voltas,Voltas 3 Star Wall Mount Type Split Air Conditioner of Capacity Between 1.3 Ton - 1.7 Ton,183INV VECTRA ZEN SILVER,1,"49,281","49,281",Amit,0130-2200010-,Amit,0130-2200010-,buycon905.cbdtc.hr@gembuyer.in
GEMC-511687744846656,27-Mar-2026,Accepted,11-Apr-2026,Ministry of Finance 􀀠वभाग|Department : Department of Revenueसंगठन का नाम|Organisation Name : Central Board of Direct Taxes (CBDT)काया􀁍लय 􀁎े􀁅|Office Zone: Income Tax Office Sonepat Haryana,"Income Tax Office, Minerva Complex, Atlas Road, Sonepat, Sonipat, HARYANA-131001, India",Voltas,Voltas 3 Star Wall Mount Type Split Air Conditioner of Capacity Between 0.8 Ton - 1.2 Ton,123INV VECTRA ELEGANT,1,"48,591","48,591",Amit,0130-2200010-,Amit,0130-2200010-,buycon905.cbdtc.hr@gembuyer.in
GEMC-511687738130213,28-Mar-2026,Accepted,12-April-2026,Ministry of Defence 􀀢वभाग|Department : Department of Military Affairs संगठन का नाम|Organisation Name : Indian Army काया􀁍लय 􀁎े􀁇|Office Zone: 41 GR,"Gorkha Dwar, 4/1 Gorkha Rifles, near 255 Transit Camp, care of 56 Army Postal Office, Delhi Cantt-110010, South West delhi, DELHI-110010, India",Techroutes,Techroutes PoE Layer 3 - Access Switch 24 Ports,TR-S2928-P,2,"83,990","41,995",BUYER-CONSIGNEE,00000-000000-,Adjutant,00000-000000-,oasmar.508k@gov.in
GEMC-511687723945913,28-Mar-2026,Accepted,12-April-2026,Ministry of Defence 􀀢वभाग|Department : Department of Military Affairs संगठन का नाम|Organisation Name : Indian Army काया􀁍लय 􀁎े􀁇|Office Zone: 41 GR,"Gorkha Dwar, 4/1 Gorkha Rifles, near 255 Transit Camp, care of 56 Army Postal Office, Delhi Cantt-110010, South West delhi, DELHI-110010, India",NA,Unbranded Smart Rack 25U 1 Year,SMART RACK 25U,2,"17,806","8,903",BUYER-CONSIGNEE,00000-000000-,Adjutant,00000-000000-,oasmar.508k@gov.in
GEMC-511687768886975,28-Mar-2026,Accepted,12-April-2026,Ministry of Culture 􀀠वभाग|Department : NA संगठन का नाम|Organisation Name : Sangeet Natak Akademi काया􀁋लय 􀁌े􀁅|Office Zone: Delhi,"Kathak Kendra 2 San Martin Marg Chankayapuri Delhi - 110021, South West delhi, DELHI-110021, India",Voltas,"Voltas Cold, Hot and Water at Room Temperature Floor Standing Water Dispenser",OLTAS MINIMAGIC SPRING R V PLUS,1,"11,691","11,691",Poonam Khanna,011-26874251-,Poonam Khanna,011-26874251-,buycon5.sna.dl@gembuyer.in
GEMC-511687753762782,28-Mar-2026,Accepted,12-April-2026,Ministry of Culture 􀀠वभाग|Department : NA संगठन का नाम|Organisation Name : Sangeet Natak Akademi काया􀁋लय 􀁌े􀁅|Office Zone: Delhi,"Kathak Kendra 2 San Martin Marg Chankayapuri Delhi - 110021, South West delhi, DELHI-110021, India",Voltas,"Voltas Cold, Hot and Water at Room Temperature Floor Standing Water Dispenser",VOLTAS MINIMAGIC SPRING R V PLUS,1,"11,691","11,691",Sr Clerk,,Section Officer,011-23387246-111,buyer3.sna.dl@gembuyer.in
GEMC-511687775387389,30-Mar-2026,Accepted,14-Apr-2026,Ministry of Statistics and Programme Implementation􀀡वभाग|Department : Department of Statistics and ProgrammeImplementationसंगठन का नाम|Organisation Name:Department of Statistics and ProgrammeImplementationकाया􀁓लय 􀁔े􀁎|Office Zone: Computer Centre,"DIID, Ministry of Statistics & PI, East Block 10, R.K. Puram,, SOUTH DELHI, DELHI-110066, India",HP,hp 1024 GB Storage Laptop - Notebook,"HP 840 G11 U7-155H Win11P WIFI 321Pcie1 14""",6,"918,000","153,000",,011-00000000-,Section Officer,011-99115989-,dalbir.singh14@nic.in
GEMC-511687745041221,31-Mar-2026,Accepted,15-Apr-2026,Ministry of Finance 􀀢वभाग|Department : Department of Financial Servicesसंगठन का नाम|Organisation Name : Canara Bankकाया􀁑लय 􀁒े􀁉|Office Zone: Department Of Information Technology,"CANARA BANK CIRCLE OFFICE No.38,Ansal Tower,Nehru Place, NEW DELHI, SOUTH DELHI, DELHI-110019, India",Acer,acer Intel Core i5-13500 All in One PC,Veriton Z4714GT,12,"983,952","81,996",AGM 893333,,MANAGER1,,buycon932.cb.dl@gembuyer.in